{
    "config": "configs/ham/hamnet_light_van_tiny_d256_512x512_160k_ade20k.py",
    "metric": {
        "aAcc": 0.8051999999999999,
        "mIoU": 0.4086,
        "mAcc": 0.5089,
        "IoU.wall": 0.7373999786376954,
        "IoU.building": 0.8169999694824219,
        "IoU.sky": 0.9398999786376954,
        "IoU.floor": 0.7848999786376953,
        "IoU.tree": 0.7204000091552735,
        "IoU.ceiling": 0.8126000213623047,
        "IoU.road": 0.8169000244140625,
        "IoU.bed ": 0.8262999725341796,
        "IoU.windowpane": 0.5884000015258789,
        "IoU.grass": 0.6880000305175781,
        "IoU.cabinet": 0.5475,
        "IoU.sidewalk": 0.6172000122070312,
        "IoU.person": 0.7627999877929688,
        "IoU.earth": 0.33669998168945314,
        "IoU.door": 0.3818000030517578,
        "IoU.table": 0.5068000030517578,
        "IoU.mountain": 0.572599983215332,
        "IoU.plant": 0.49740001678466794,
        "IoU.curtain": 0.7093000030517578,
        "IoU.chair": 0.47689998626708985,
        "IoU.car": 0.8016999816894531,
        "IoU.water": 0.48639999389648436,
        "IoU.painting": 0.6697000122070312,
        "IoU.sofa": 0.5640000152587891,
        "IoU.shelf": 0.4015000152587891,
        "IoU.house": 0.49270000457763674,
        "IoU.sea": 0.5068999862670899,
        "IoU.mirror": 0.5540999984741211,
        "IoU.rug": 0.5472000122070313,
        "IoU.field": 0.2755999946594238,
        "IoU.armchair": 0.3122999954223633,
        "IoU.seat": 0.5520000076293945,
        "IoU.fence": 0.37009998321533205,
        "IoU.desk": 0.3895000076293945,
        "IoU.rock": 0.47080001831054685,
        "IoU.wardrobe": 0.4218000030517578,
        "IoU.lamp": 0.5391999816894532,
        "IoU.bathtub": 0.6498999786376953,
        "IoU.railing": 0.3263999938964844,
        "IoU.cushion": 0.45669998168945314,
        "IoU.base": 0.2221999931335449,
        "IoU.box": 0.1843000030517578,
        "IoU.column": 0.3827000045776367,
        "IoU.signboard": 0.3114999961853027,
        "IoU.chest of drawers": 0.385,
        "IoU.counter": 0.24110000610351562,
        "IoU.sand": 0.2306999969482422,
        "IoU.sink": 0.6022999954223632,
        "IoU.skyscraper": 0.5840000152587891,
        "IoU.fireplace": 0.649000015258789,
        "IoU.refrigerator": 0.6213999938964844,
        "IoU.grandstand": 0.41069999694824216,
        "IoU.path": 0.2427000045776367,
        "IoU.stairs": 0.276200008392334,
        "IoU.runway": 0.7111000061035156,
        "IoU.case": 0.4736000061035156,
        "IoU.pool table": 0.9062000274658203,
        "IoU.pillow": 0.4677000045776367,
        "IoU.screen door": 0.6131000137329101,
        "IoU.stairway": 0.28450000762939454,
        "IoU.river": 0.12050000190734864,
        "IoU.bridge": 0.2877000045776367,
        "IoU.bookcase": 0.30770000457763674,
        "IoU.blind": 0.25739999771118166,
        "IoU.coffee table": 0.4790999984741211,
        "IoU.toilet": 0.7648999786376953,
        "IoU.flower": 0.36150001525878905,
        "IoU.book": 0.445,
        "IoU.hill": 0.03950000047683716,
        "IoU.bench": 0.364900016784668,
        "IoU.countertop": 0.5070999908447266,
        "IoU.stove": 0.6347999954223633,
        "IoU.palm": 0.4597999954223633,
        "IoU.kitchen island": 0.3171999931335449,
        "IoU.computer": 0.5084999847412109,
        "IoU.swivel chair": 0.4102000045776367,
        "IoU.boat": 0.6813999938964844,
        "IoU.bar": 0.24600000381469728,
        "IoU.arcade machine": 0.4986000061035156,
        "IoU.hovel": 0.29350000381469726,
        "IoU.bus": 0.7831999969482422,
        "IoU.towel": 0.5288000106811523,
        "IoU.light": 0.3415999984741211,
        "IoU.truck": 0.2659000015258789,
        "IoU.tower": 0.37200000762939456,
        "IoU.chandelier": 0.5847999954223633,
        "IoU.awning": 0.118100004196167,
        "IoU.streetlight": 0.145600004196167,
        "IoU.booth": 0.42520000457763674,
        "IoU.television receiver": 0.5245999908447265,
        "IoU.airplane": 0.4443999862670898,
        "IoU.dirt track": 0.012100000381469727,
        "IoU.apparel": 0.23559999465942383,
        "IoU.pole": 0.13170000076293945,
        "IoU.land": 0.00019999999552965163,
        "IoU.bannister": 0.08100000381469727,
        "IoU.escalator": 0.185,
        "IoU.ottoman": 0.31079999923706053,
        "IoU.bottle": 0.1225,
        "IoU.buffet": 0.21030000686645509,
        "IoU.poster": 0.19420000076293945,
        "IoU.stage": 0.15560000419616699,
        "IoU.van": 0.2740999984741211,
        "IoU.ship": 0.7822000122070313,
        "IoU.fountain": 0.060999999046325686,
        "IoU.conveyer belt": 0.5577999877929688,
        "IoU.canopy": 0.166299991607666,
        "IoU.washer": 0.6531999969482422,
        "IoU.plaything": 0.18069999694824218,
        "IoU.swimming pool": 0.41779998779296873,
        "IoU.stool": 0.22870000839233398,
        "IoU.barrel": 0.4052999877929688,
        "IoU.basket": 0.21209999084472655,
        "IoU.waterfall": 0.4190999984741211,
        "IoU.tent": 0.928499984741211,
        "IoU.bag": 0.03609999895095825,
        "IoU.minibike": 0.5927000045776367,
        "IoU.cradle": 0.7272000122070312,
        "IoU.oven": 0.21950000762939453,
        "IoU.ball": 0.27260000228881837,
        "IoU.food": 0.5443999862670899,
        "IoU.step": 9.999999776482581e-05,
        "IoU.tank": 0.30040000915527343,
        "IoU.trade name": 0.14109999656677247,
        "IoU.microwave": 0.3320999908447266,
        "IoU.pot": 0.30420000076293946,
        "IoU.animal": 0.5477000045776367,
        "IoU.bicycle": 0.5015999984741211,
        "IoU.lake": 0.2827000045776367,
        "IoU.dishwasher": 0.40279998779296877,
        "IoU.screen": 0.5686999893188477,
        "IoU.blanket": 0.019700000286102293,
        "IoU.sculpture": 0.21690000534057619,
        "IoU.hood": 0.4059000015258789,
        "IoU.sconce": 0.14880000114440917,
        "IoU.vase": 0.2705999946594238,
        "IoU.traffic light": 0.16209999084472657,
        "IoU.tray": 0.018899999856948853,
        "IoU.ashcan": 0.32169998168945313,
        "IoU.fan": 0.39310001373291015,
        "IoU.pier": 0.34150001525878904,
        "IoU.crt screen": 0.06920000076293946,
        "IoU.plate": 0.32740001678466796,
        "IoU.monitor": 0.4152000045776367,
        "IoU.bulletin board": 0.3706999969482422,
        "IoU.shower": 0.0,
        "IoU.radiator": 0.4409000015258789,
        "IoU.glass": 0.02690000057220459,
        "IoU.clock": 0.14329999923706055,
        "IoU.flag": 0.24229999542236327,
        "Acc.wall": 0.8729000091552734,
        "Acc.building": 0.9293000030517579,
        "Acc.sky": 0.9711000061035157,
        "Acc.floor": 0.8983999633789063,
        "Acc.tree": 0.8815000152587891,
        "Acc.ceiling": 0.9059999847412109,
        "Acc.road": 0.8936000061035156,
        "Acc.bed ": 0.9373999786376953,
        "Acc.windowpane": 0.7637000274658203,
        "Acc.grass": 0.8448999786376953,
        "Acc.cabinet": 0.6820999908447266,
        "Acc.sidewalk": 0.785199966430664,
        "Acc.person": 0.9112000274658203,
        "Acc.earth": 0.48060001373291017,
        "Acc.door": 0.5127999877929688,
        "Acc.table": 0.6951000213623046,
        "Acc.mountain": 0.7201999664306641,
        "Acc.plant": 0.63,
        "Acc.curtain": 0.8341000366210938,
        "Acc.chair": 0.6225,
        "Acc.car": 0.9072000122070313,
        "Acc.water": 0.6263000106811524,
        "Acc.painting": 0.8344999694824219,
        "Acc.sofa": 0.7759999847412109,
        "Acc.shelf": 0.5711000061035156,
        "Acc.house": 0.624000015258789,
        "Acc.sea": 0.7636000061035156,
        "Acc.mirror": 0.6641000366210937,
        "Acc.rug": 0.6302999877929687,
        "Acc.field": 0.3575,
        "Acc.armchair": 0.4645999908447266,
        "Acc.seat": 0.7394999694824219,
        "Acc.fence": 0.49650001525878906,
        "Acc.desk": 0.5934999847412109,
        "Acc.rock": 0.6748000335693359,
        "Acc.wardrobe": 0.6359000015258789,