{
    "config": "configs/ham/hamnet_light_van_huge_512x512_160k_ade20k.py",
    "metric": {
        "aAcc": 0.8397,
        "mIoU": 0.5146999999999999,
        "mAcc": 0.6261,
        "IoU.wall": 0.7877999877929688,
        "IoU.building": 0.8220999908447265,
        "IoU.sky": 0.9452999877929688,
        "IoU.floor": 0.8159999847412109,
        "IoU.tree": 0.7479000091552734,
        "IoU.ceiling": 0.8411000061035157,
        "IoU.road": 0.855999984741211,
        "IoU.bed ": 0.8986000061035156,
        "IoU.windowpane": 0.6266999816894532,
        "IoU.grass": 0.7106999969482422,
        "IoU.cabinet": 0.6583000183105469,
        "IoU.sidewalk": 0.6919000244140625,
        "IoU.person": 0.8291999816894531,
        "IoU.earth": 0.3747999954223633,
        "IoU.door": 0.5402999877929687,
        "IoU.table": 0.6320000076293946,
        "IoU.mountain": 0.5866999816894531,
        "IoU.plant": 0.5222999954223633,
        "IoU.curtain": 0.7527999877929688,
        "IoU.chair": 0.5879000091552734,
        "IoU.car": 0.859800033569336,
        "IoU.water": 0.5559999847412109,
        "IoU.painting": 0.7656999969482422,
        "IoU.sofa": 0.6966000366210937,
        "IoU.shelf": 0.42779998779296874,
        "IoU.house": 0.3791999816894531,
        "IoU.sea": 0.6576999664306641,
        "IoU.mirror": 0.7155999755859375,
        "IoU.rug": 0.5604999923706054,
        "IoU.field": 0.35950000762939455,
        "IoU.armchair": 0.4272999954223633,
        "IoU.seat": 0.6347999954223633,
        "IoU.fence": 0.46610000610351565,
        "IoU.desk": 0.5129999923706055,
        "IoU.rock": 0.417400016784668,
        "IoU.wardrobe": 0.5288999938964843,
        "IoU.lamp": 0.6655000305175781,
        "IoU.bathtub": 0.7969000244140625,
        "IoU.railing": 0.37540000915527344,
        "IoU.cushion": 0.6447000122070312,
        "IoU.base": 0.327599983215332,
        "IoU.box": 0.27649999618530274,
        "IoU.column": 0.5059000015258789,
        "IoU.signboard": 0.39290000915527346,
        "IoU.chest of drawers": 0.4109999847412109,
        "IoU.counter": 0.2377000045776367,
        "IoU.sand": 0.5197999954223633,
        "IoU.sink": 0.7529000091552734,
        "IoU.skyscraper": 0.5315999984741211,
        "IoU.fireplace": 0.7666999816894531,
        "IoU.refrigerator": 0.8008000183105469,
        "IoU.grandstand": 0.5265000152587891,
        "IoU.path": 0.198799991607666,
        "IoU.stairs": 0.43389999389648437,
        "IoU.runway": 0.707699966430664,
        "IoU.case": 0.48270000457763673,
        "IoU.pool table": 0.9344999694824219,
        "IoU.pillow": 0.6184000015258789,
        "IoU.screen door": 0.6715000152587891,
        "IoU.stairway": 0.3071999931335449,
        "IoU.river": 0.0940999984741211,
        "IoU.bridge": 0.38209999084472657,
        "IoU.bookcase": 0.37139999389648437,
        "IoU.blind": 0.4590000152587891,
        "IoU.coffee table": 0.5836999893188477,
        "IoU.toilet": 0.8651000213623047,
        "IoU.flower": 0.4143000030517578,
        "IoU.book": 0.4416999816894531,
        "IoU.hill": 0.10369999885559082,
        "IoU.bench": 0.566500015258789,
        "IoU.countertop": 0.5547000122070312,
        "IoU.stove": 0.8191999816894531,
        "IoU.palm": 0.5309000015258789,
        "IoU.kitchen island": 0.4340999984741211,
        "IoU.computer": 0.6994000244140625,
        "IoU.swivel chair": 0.395099983215332,
        "IoU.boat": 0.6241999816894531,
        "IoU.bar": 0.28219999313354494,
        "IoU.arcade machine": 0.8108999633789062,
        "IoU.hovel": 0.10670000076293945,
        "IoU.bus": 0.9147000122070312,
        "IoU.towel": 0.7158999633789063,
        "IoU.light": 0.5420000076293945,
        "IoU.truck": 0.40119998931884765,
        "IoU.tower": 0.090600004196167,
        "IoU.chandelier": 0.6925,
        "IoU.awning": 0.2688999938964844,
        "IoU.streetlight": 0.2876000022888184,
        "IoU.booth": 0.5788999938964844,
        "IoU.television receiver": 0.7288999938964844,
        "IoU.airplane": 0.6254000091552734,
        "IoU.dirt track": 0.022699999809265136,
        "IoU.apparel": 0.474900016784668,
        "IoU.pole": 0.26260000228881836,
        "IoU.land": 0.04849999904632568,
        "IoU.bannister": 0.15930000305175782,
        "IoU.escalator": 0.21379999160766602,
        "IoU.ottoman": 0.550099983215332,
        "IoU.bottle": 0.3934000015258789,
        "IoU.buffet": 0.4463999938964844,
        "IoU.poster": 0.29719999313354495,
        "IoU.stage": 0.15,
        "IoU.van": 0.43529998779296875,
        "IoU.ship": 0.5847999954223633,
        "IoU.fountain": 0.211200008392334,
        "IoU.conveyer belt": 0.5690000152587891,
        "IoU.canopy": 0.16850000381469726,
        "IoU.washer": 0.7151999664306641,
        "IoU.plaything": 0.4570999908447266,
        "IoU.swimming pool": 0.5056000137329102,
        "IoU.stool": 0.4331999969482422,
        "IoU.barrel": 0.7222000122070312,
        "IoU.basket": 0.37990001678466795,
        "IoU.waterfall": 0.5818000030517578,
        "IoU.tent": 0.9505000305175781,
        "IoU.bag": 0.171299991607666,
        "IoU.minibike": 0.7006999969482421,
        "IoU.cradle": 0.7670999908447266,
        "IoU.oven": 0.507400016784668,
        "IoU.ball": 0.4240999984741211,
        "IoU.food": 0.6141999816894531,
        "IoU.step": 0.2511000061035156,
        "IoU.tank": 0.44099998474121094,
        "IoU.trade name": 0.2727000045776367,
        "IoU.microwave": 0.8161000061035156,
        "IoU.pot": 0.5136000061035156,
        "IoU.animal": 0.6761000061035156,
        "IoU.bicycle": 0.5877999877929687,
        "IoU.lake": 0.41,
        "IoU.dishwasher": 0.6941999816894531,
        "IoU.screen": 0.6777999877929688,
        "IoU.blanket": 0.11989999771118164,
        "IoU.sculpture": 0.6997000122070313,
        "IoU.hood": 0.6095999908447266,
        "IoU.sconce": 0.4836000061035156,
        "IoU.vase": 0.4829999923706055,
        "IoU.traffic light": 0.3858000183105469,
        "IoU.tray": 0.10859999656677247,
        "IoU.ashcan": 0.46650001525878904,
        "IoU.fan": 0.6479000091552735,
        "IoU.pier": 0.6447000122070312,
        "IoU.crt screen": 0.06739999771118164,
        "IoU.plate": 0.5777000045776367,
        "IoU.monitor": 0.12220000267028809,
        "IoU.bulletin board": 0.45880001068115234,
        "IoU.shower": 0.0017000000178813935,
        "IoU.radiator": 0.67,
        "IoU.glass": 0.15489999771118165,
        "IoU.clock": 0.4204999923706055,
        "IoU.flag": 0.36270000457763674,
        "Acc.wall": 0.8908000183105469,
        "Acc.building": 0.924000015258789,
        "Acc.sky": 0.977699966430664,
        "Acc.floor": 0.9194000244140625,
        "Acc.tree": 0.8898000335693359,
        "Acc.ceiling": 0.9279000091552735,
        "Acc.road": 0.9218000030517578,
        "Acc.bed ": 0.9630000305175781,
        "Acc.windowpane": 0.7994999694824219,
        "Acc.grass": 0.8427999877929687,
        "Acc.cabinet": 0.7638999938964843,
        "Acc.sidewalk": 0.8286000061035156,
        "Acc.person": 0.9395999908447266,
        "Acc.earth": 0.5072000122070313,
        "Acc.door": 0.6641999816894532,
        "Acc.table": 0.7851000213623047,
        "Acc.mountain": 0.7276000213623047,
        "Acc.plant": 0.6493000030517578,
        "Acc.curtain": 0.8698999786376953,
        "Acc.chair": 0.715999984741211,
        "Acc.car": 0.9309999847412109,
        "Acc.water": 0.7033999633789062,
        "Acc.painting": 0.8975,
        "Acc.sofa": 0.8584999847412109,
        "Acc.shelf": 0.6018000030517578,
        "Acc.house": 0.489900016784668,
        "Acc.sea": 0.8527999877929687,
        "Acc.mirror": 0.7754000091552734,
        "Acc.rug": 0.6658000183105469,
        "Acc.field": 0.5640000152587891,
        "Acc.armchair": 0.577400016784668,
        "Acc.seat": 0.8244999694824219,
        "Acc.fence": 0.6018999862670898,
        "Acc.desk": 0.7026000213623047,
        "Acc.rock": 0.5925,
        "Acc.wardrobe": 0.662300033569336,