{
    "config": "configs/ham/hamnet_light_van_tiny_512x512_160k_ade20k.py",
    "metric": {
        "aAcc": 0.8093,
        "mIoU": 0.4229,
        "mAcc": 0.5279,
        "IoU.wall": 0.7433999633789062,
        "IoU.building": 0.8131999969482422,
        "IoU.sky": 0.9422000122070312,
        "IoU.floor": 0.7866000366210938,
        "IoU.tree": 0.7255999755859375,
        "IoU.ceiling": 0.8155999755859376,
        "IoU.road": 0.8301000213623047,
        "IoU.bed ": 0.8416000366210937,
        "IoU.windowpane": 0.582400016784668,
        "IoU.grass": 0.6783000183105469,
        "IoU.cabinet": 0.547400016784668,
        "IoU.sidewalk": 0.6220000076293946,
        "IoU.person": 0.7718000030517578,
        "IoU.earth": 0.3486000061035156,
        "IoU.door": 0.40849998474121096,
        "IoU.table": 0.5063000106811524,
        "IoU.mountain": 0.5643000030517578,
        "IoU.plant": 0.5115000152587891,
        "IoU.curtain": 0.7086000061035156,
        "IoU.chair": 0.500099983215332,
        "IoU.car": 0.8066999816894531,
        "IoU.water": 0.48720001220703124,
        "IoU.painting": 0.6686000061035157,
        "IoU.sofa": 0.5818000030517578,
        "IoU.shelf": 0.4190999984741211,
        "IoU.house": 0.5027000045776367,
        "IoU.sea": 0.5020999908447266,
        "IoU.mirror": 0.597599983215332,
        "IoU.rug": 0.5061000061035156,
        "IoU.field": 0.2904000091552734,
        "IoU.armchair": 0.3125,
        "IoU.seat": 0.5606999969482422,
        "IoU.fence": 0.37560001373291013,
        "IoU.desk": 0.3877000045776367,
        "IoU.rock": 0.43189998626708986,
        "IoU.wardrobe": 0.40869998931884766,
        "IoU.lamp": 0.5797999954223633,
        "IoU.bathtub": 0.7034999847412109,
        "IoU.railing": 0.29450000762939454,
        "IoU.cushion": 0.49970001220703125,
        "IoU.base": 0.23780000686645508,
        "IoU.box": 0.17549999237060546,
        "IoU.column": 0.41130001068115235,
        "IoU.signboard": 0.3443000030517578,
        "IoU.chest of drawers": 0.3647999954223633,
        "IoU.counter": 0.3516999816894531,
        "IoU.sand": 0.29459999084472654,
        "IoU.sink": 0.6669000244140625,
        "IoU.skyscraper": 0.5861999893188476,
        "IoU.fireplace": 0.6588999938964843,
        "IoU.refrigerator": 0.6875,
        "IoU.grandstand": 0.3189999961853027,
        "IoU.path": 0.23040000915527345,
        "IoU.stairs": 0.27549999237060546,
        "IoU.runway": 0.7391000366210938,
        "IoU.case": 0.49130001068115237,
        "IoU.pool table": 0.9206999969482422,
        "IoU.pillow": 0.46849998474121096,
        "IoU.screen door": 0.6718000030517578,
        "IoU.stairway": 0.30290000915527343,
        "IoU.river": 0.18700000762939453,
        "IoU.bridge": 0.3920999908447266,
        "IoU.bookcase": 0.3275,
        "IoU.blind": 0.30270000457763674,
        "IoU.coffee table": 0.5449000167846679,
        "IoU.toilet": 0.8120999908447266,
        "IoU.flower": 0.3333000183105469,
        "IoU.book": 0.4556999969482422,
        "IoU.hill": 0.05989999771118164,
        "IoU.bench": 0.38740001678466796,
        "IoU.countertop": 0.5343000030517578,
        "IoU.stove": 0.6866000366210937,
        "IoU.palm": 0.4416999816894531,
        "IoU.kitchen island": 0.34639999389648435,
        "IoU.computer": 0.5479000091552735,
        "IoU.swivel chair": 0.39549999237060546,
        "IoU.boat": 0.5204999923706055,
        "IoU.bar": 0.20239999771118164,
        "IoU.arcade machine": 0.37189998626708987,
        "IoU.hovel": 0.475,
        "IoU.bus": 0.8287999725341797,
        "IoU.towel": 0.5159999847412109,
        "IoU.light": 0.42759998321533205,
        "IoU.truck": 0.2770999908447266,
        "IoU.tower": 0.41819999694824217,
        "IoU.chandelier": 0.6202999877929688,
        "IoU.awning": 0.22290000915527344,
        "IoU.streetlight": 0.18549999237060547,
        "IoU.booth": 0.455099983215332,
        "IoU.television receiver": 0.5981000137329101,
        "IoU.airplane": 0.5441999816894532,
        "IoU.dirt track": 0.04570000171661377,
        "IoU.apparel": 0.2206999969482422,
        "IoU.pole": 0.146899995803833,
        "IoU.land": 0.02880000114440918,
        "IoU.bannister": 0.08149999618530274,
        "IoU.escalator": 0.16010000228881835,
        "IoU.ottoman": 0.34509998321533203,
        "IoU.bottle": 0.15579999923706056,
        "IoU.buffet": 0.39130001068115233,
        "IoU.poster": 0.21920000076293944,
        "IoU.stage": 0.14239999771118164,
        "IoU.van": 0.31489999771118166,
        "IoU.ship": 0.5886000061035156,
        "IoU.fountain": 0.1784000015258789,
        "IoU.conveyer belt": 0.6045000076293945,
        "IoU.canopy": 0.2752000045776367,
        "IoU.washer": 0.6512000274658203,
        "IoU.plaything": 0.18790000915527344,
        "IoU.swimming pool": 0.16110000610351563,
        "IoU.stool": 0.29870000839233396,
        "IoU.barrel": 0.23399999618530273,
        "IoU.basket": 0.24860000610351562,
        "IoU.waterfall": 0.3856999969482422,
        "IoU.tent": 0.9243000030517579,
        "IoU.bag": 0.059800000190734864,
        "IoU.minibike": 0.5586999893188477,
        "IoU.cradle": 0.7648000335693359,
        "IoU.oven": 0.3381999969482422,
        "IoU.ball": 0.18950000762939453,
        "IoU.food": 0.5497000122070312,
        "IoU.step": 0.02740000009536743,
        "IoU.tank": 0.3352000045776367,
        "IoU.trade name": 0.16280000686645507,
        "IoU.microwave": 0.3431999969482422,
        "IoU.pot": 0.35869998931884767,
        "IoU.animal": 0.5449000167846679,
        "IoU.bicycle": 0.47049999237060547,
        "IoU.lake": 0.07690000057220459,
        "IoU.dishwasher": 0.5686999893188477,
        "IoU.screen": 0.5195999908447265,
        "IoU.blanket": 0.03440000057220459,
        "IoU.sculpture": 0.22620000839233398,
        "IoU.hood": 0.49009998321533205,
        "IoU.sconce": 0.31479999542236325,
        "IoU.vase": 0.30559999465942383,
        "IoU.traffic light": 0.20600000381469727,
        "IoU.tray": 0.02690000057220459,
        "IoU.ashcan": 0.32310001373291014,
        "IoU.fan": 0.5090999984741211,
        "IoU.pier": 0.18350000381469728,
        "IoU.crt screen": 0.0010999999940395355,
        "IoU.plate": 0.3920999908447266,
        "IoU.monitor": 0.40200000762939453,
        "IoU.bulletin board": 0.3534999847412109,
        "IoU.shower": 0.0,
        "IoU.radiator": 0.4515000152587891,
        "IoU.glass": 0.0784000015258789,
        "IoU.clock": 0.238700008392334,
        "IoU.flag": 0.2643000030517578,
        "Acc.wall": 0.8693000030517578,
        "Acc.building": 0.9198999786376953,
        "Acc.sky": 0.9733999633789062,
        "Acc.floor": 0.9026999664306641,
        "Acc.tree": 0.8805000305175781,
        "Acc.ceiling": 0.9105999755859375,
        "Acc.road": 0.9058000183105469,
        "Acc.bed ": 0.9530999755859375,
        "Acc.windowpane": 0.7615000152587891,
        "Acc.grass": 0.8244999694824219,
        "Acc.cabinet": 0.6694000244140625,
        "Acc.sidewalk": 0.7726999664306641,
        "Acc.person": 0.9191999816894532,
        "Acc.earth": 0.5263000106811524,
        "Acc.door": 0.5406999969482422,
        "Acc.table": 0.6808000183105469,
        "Acc.mountain": 0.724800033569336,
        "Acc.plant": 0.632400016784668,
        "Acc.curtain": 0.8384999847412109,
        "Acc.chair": 0.6633999633789063,
        "Acc.car": 0.9047000122070312,
        "Acc.water": 0.6448000335693359,
        "Acc.painting": 0.8411000061035157,
        "Acc.sofa": 0.7795999908447265,
        "Acc.shelf": 0.6184000015258789,
        "Acc.house": 0.6525,
        "Acc.sea": 0.7891000366210937,
        "Acc.mirror": 0.6794000244140626,
        "Acc.rug": 0.5781000137329102,
        "Acc.field": 0.36470001220703124,
        "Acc.armchair": 0.44790000915527345,
        "Acc.seat": 0.7580000305175781,
        "Acc.fence": 0.5422999954223633,
        "Acc.desk": 0.6184000015258789,
        "Acc.rock": 0.6441000366210937,