{
    "config": "configs/hamnet/ham_r101-d8_512x512_160k_ade20k.py",
    "metric": {
        "aAcc": 0.8137000000000001,
        "mIoU": 0.4557,
        "mAcc": 0.5695,
        "IoU.wall": 0.750999984741211,
        "IoU.building": 0.8047000122070312,
        "IoU.sky": 0.9380999755859375,
        "IoU.floor": 0.7880999755859375,
        "IoU.tree": 0.7236000061035156,
        "IoU.ceiling": 0.8212000274658203,
        "IoU.road": 0.8230000305175781,
        "IoU.bed ": 0.8819000244140625,
        "IoU.windowpane": 0.5863999938964843,
        "IoU.grass": 0.6829000091552735,
        "IoU.cabinet": 0.5765999984741211,
        "IoU.sidewalk": 0.6477999877929688,
        "IoU.person": 0.7715000152587891,
        "IoU.earth": 0.30459999084472655,
        "IoU.door": 0.4590000152587891,
        "IoU.table": 0.5793999862670899,
        "IoU.mountain": 0.577599983215332,
        "IoU.plant": 0.5020999908447266,
        "IoU.curtain": 0.6930999755859375,
        "IoU.chair": 0.5422000122070313,
        "IoU.car": 0.8225,
        "IoU.water": 0.45419998168945314,
        "IoU.painting": 0.6858999633789062,
        "IoU.sofa": 0.6297999954223633,
        "IoU.shelf": 0.4331000137329102,
        "IoU.house": 0.32220001220703126,
        "IoU.sea": 0.4784000015258789,
        "IoU.mirror": 0.6195000076293945,
        "IoU.rug": 0.5786999893188477,
        "IoU.field": 0.31510000228881835,
        "IoU.armchair": 0.4254999923706055,
        "IoU.seat": 0.577599983215332,
        "IoU.fence": 0.40380001068115234,
        "IoU.desk": 0.4672000122070312,
        "IoU.rock": 0.38299999237060545,
        "IoU.wardrobe": 0.37790000915527344,
        "IoU.lamp": 0.6004000091552735,
        "IoU.bathtub": 0.7043000030517578,
        "IoU.railing": 0.32470001220703126,
        "IoU.cushion": 0.5345000076293945,
        "IoU.base": 0.2027000045776367,
        "IoU.box": 0.17780000686645508,
        "IoU.column": 0.45380001068115233,
        "IoU.signboard": 0.34950000762939454,
        "IoU.chest of drawers": 0.42380001068115236,
        "IoU.counter": 0.3263999938964844,
        "IoU.sand": 0.271200008392334,
        "IoU.sink": 0.6488999938964843,
        "IoU.skyscraper": 0.5986999893188476,
        "IoU.fireplace": 0.6529000091552735,
        "IoU.refrigerator": 0.7005999755859375,
        "IoU.grandstand": 0.48279998779296873,
        "IoU.path": 0.22739999771118163,
        "IoU.stairs": 0.33119998931884764,
        "IoU.runway": 0.6944000244140625,
        "IoU.case": 0.5204999923706055,
        "IoU.pool table": 0.9133000183105469,
        "IoU.pillow": 0.5286000061035157,
        "IoU.screen door": 0.4209999847412109,
        "IoU.stairway": 0.28079999923706056,
        "IoU.river": 0.09079999923706054,
        "IoU.bridge": 0.6029999923706054,
        "IoU.bookcase": 0.4022000122070313,
        "IoU.blind": 0.47189998626708984,
        "IoU.coffee table": 0.63,
        "IoU.toilet": 0.8411000061035157,
        "IoU.flower": 0.3306999969482422,
        "IoU.book": 0.4379999923706055,
        "IoU.hill": 0.056500000953674315,
        "IoU.bench": 0.4443000030517578,
        "IoU.countertop": 0.5515999984741211,
        "IoU.stove": 0.6719000244140625,
        "IoU.palm": 0.47049999237060547,
        "IoU.kitchen island": 0.4090999984741211,
        "IoU.computer": 0.5411000061035156,
        "IoU.swivel chair": 0.41959999084472654,
        "IoU.boat": 0.5688999938964844,
        "IoU.bar": 0.37009998321533205,
        "IoU.arcade machine": 0.5511000061035156,
        "IoU.hovel": 0.3035000038146973,
        "IoU.bus": 0.8555000305175782,
        "IoU.towel": 0.5106999969482422,
        "IoU.light": 0.49200000762939455,
        "IoU.truck": 0.2944000053405762,
        "IoU.tower": 0.3181999969482422,
        "IoU.chandelier": 0.6520999908447266,
        "IoU.awning": 0.25829999923706054,
        "IoU.streetlight": 0.22010000228881835,
        "IoU.booth": 0.4366999816894531,
        "IoU.television receiver": 0.6826000213623047,
        "IoU.airplane": 0.5677999877929687,
        "IoU.dirt track": 0.11470000267028808,
        "IoU.apparel": 0.3125,
        "IoU.pole": 0.18459999084472656,
        "IoU.land": 0.04110000133514404,
        "IoU.bannister": 0.10329999923706054,
        "IoU.escalator": 0.20450000762939452,
        "IoU.ottoman": 0.4013999938964844,
        "IoU.bottle": 0.22040000915527344,
        "IoU.buffet": 0.4025,
        "IoU.poster": 0.288700008392334,
        "IoU.stage": 0.15960000038146974,
        "IoU.van": 0.42689998626708986,
        "IoU.ship": 0.3691999816894531,
        "IoU.fountain": 0.1713999938964844,
        "IoU.conveyer belt": 0.6538999938964843,
        "IoU.canopy": 0.18079999923706055,
        "IoU.washer": 0.6437999725341796,
        "IoU.plaything": 0.2628000068664551,
        "IoU.swimming pool": 0.5238000106811523,
        "IoU.stool": 0.367400016784668,
        "IoU.barrel": 0.29700000762939455,
        "IoU.basket": 0.2628000068664551,
        "IoU.waterfall": 0.4933000183105469,
        "IoU.tent": 0.9244000244140625,
        "IoU.bag": 0.07760000228881836,
        "IoU.minibike": 0.6204999923706055,
        "IoU.cradle": 0.8202999877929688,
        "IoU.oven": 0.19829999923706054,
        "IoU.ball": 0.40290000915527346,
        "IoU.food": 0.5481999969482422,
        "IoU.step": 0.17959999084472655,
        "IoU.tank": 0.3445999908447266,
        "IoU.trade name": 0.21709999084472656,
        "IoU.microwave": 0.3388999938964844,
        "IoU.pot": 0.36439998626708986,
        "IoU.animal": 0.572599983215332,
        "IoU.bicycle": 0.47830001831054686,
        "IoU.lake": 0.3806999969482422,
        "IoU.dishwasher": 0.7558999633789063,
        "IoU.screen": 0.7176000213623047,
        "IoU.blanket": 0.12449999809265137,
        "IoU.sculpture": 0.3915999984741211,
        "IoU.hood": 0.5415999984741211,
        "IoU.sconce": 0.3988999938964844,
        "IoU.vase": 0.35279998779296873,
        "IoU.traffic light": 0.26510000228881836,
        "IoU.tray": 0.0584000015258789,
        "IoU.ashcan": 0.3618000030517578,
        "IoU.fan": 0.5415999984741211,
        "IoU.pier": 0.4766999816894531,
        "IoU.crt screen": 0.01559999942779541,
        "IoU.plate": 0.4545000076293945,
        "IoU.monitor": 0.4493000030517578,
        "IoU.bulletin board": 0.41779998779296873,
        "IoU.shower": 0.0,
        "IoU.radiator": 0.5165000152587891,
        "IoU.glass": 0.12760000228881835,
        "IoU.clock": 0.22760000228881835,
        "IoU.flag": 0.35720001220703124,
        "Acc.wall": 0.8755999755859375,
        "Acc.building": 0.9141999816894532,
        "Acc.sky": 0.9712000274658203,
        "Acc.floor": 0.9018000030517578,
        "Acc.tree": 0.8787000274658203,
        "Acc.ceiling": 0.9019000244140625,
        "Acc.road": 0.8913999938964844,
        "Acc.bed ": 0.9504000091552735,
        "Acc.windowpane": 0.7662999725341797,
        "Acc.grass": 0.8381999969482422,
        "Acc.cabinet": 0.7131999969482422,
        "Acc.sidewalk": 0.8083000183105469,
        "Acc.person": 0.9086000061035157,
        "Acc.earth": 0.42509998321533204,
        "Acc.door": 0.6122999954223632,
        "Acc.table": 0.7661000061035156,
        "Acc.mountain": 0.7175,
        "Acc.plant": 0.6231999969482422,
        "Acc.curtain": 0.8163999938964843,
        "Acc.chair": 0.6883999633789063,
        "Acc.car": 0.8962000274658203,
        "Acc.water": 0.5836999893188477,
        "Acc.painting": 0.8387000274658203,
        "Acc.sofa": 0.8334999847412109,
        "Acc.shelf": 0.6236000061035156,
        "Acc.house": 0.4040999984741211,
        "Acc.sea": 0.7763999938964844,
        "Acc.mirror": 0.6994999694824219,
        "Acc.rug": 0.6656999969482422,
        "Acc.field": 0.4854999923706055,
        "Acc.armchair": 0.5975,
        "Acc.seat": 0.7679000091552735,
        "Acc.fence": 0.5418000030517578,
        "Acc.desk": 0.6291999816894531,
        "Acc.rock": 0.5795999908447266,
        "Acc.wardrobe": 0.5904999923706055,