{
    "config": "configs/hamnet/ham_r101-d8_512x512_160k_ade20k.py",
    "metric": {
        "aAcc": 0.8219,
        "mIoU": 0.46799999999999997,
        "mAcc": 0.5732,
        "IoU.wall": 0.7601000213623047,
        "IoU.building": 0.8112999725341797,
        "IoU.sky": 0.9430000305175781,
        "IoU.floor": 0.8036000061035157,
        "IoU.tree": 0.7333999633789062,
        "IoU.ceiling": 0.8283999633789062,
        "IoU.road": 0.8277999877929687,
        "IoU.bed ": 0.8912000274658203,
        "IoU.windowpane": 0.606500015258789,
        "IoU.grass": 0.6694000244140625,
        "IoU.cabinet": 0.5897999954223633,
        "IoU.sidewalk": 0.6605000305175781,
        "IoU.person": 0.7920999908447266,
        "IoU.earth": 0.2951000022888184,
        "IoU.door": 0.48830001831054687,
        "IoU.table": 0.5990000152587891,
        "IoU.mountain": 0.6011000061035157,
        "IoU.plant": 0.5156999969482422,
        "IoU.curtain": 0.7262999725341797,
        "IoU.chair": 0.5702999877929688,
        "IoU.car": 0.8380999755859375,
        "IoU.water": 0.44240001678466795,
        "IoU.painting": 0.7047000122070313,
        "IoU.sofa": 0.6419000244140625,
        "IoU.shelf": 0.43470001220703125,
        "IoU.house": 0.40619998931884765,
        "IoU.sea": 0.4747999954223633,
        "IoU.mirror": 0.6209000015258789,
        "IoU.rug": 0.6004000091552735,
        "IoU.field": 0.2527000045776367,
        "IoU.armchair": 0.4388000106811523,
        "IoU.seat": 0.560099983215332,
        "IoU.fence": 0.44240001678466795,
        "IoU.desk": 0.4816999816894531,
        "IoU.rock": 0.42700000762939455,
        "IoU.wardrobe": 0.415,
        "IoU.lamp": 0.6363999938964844,
        "IoU.bathtub": 0.7097000122070313,
        "IoU.railing": 0.3497999954223633,
        "IoU.cushion": 0.5599000167846679,
        "IoU.base": 0.23629999160766602,
        "IoU.box": 0.19110000610351563,
        "IoU.column": 0.4670999908447266,
        "IoU.signboard": 0.3609999847412109,
        "IoU.chest of drawers": 0.4331999969482422,
        "IoU.counter": 0.32529998779296876,
        "IoU.sand": 0.25809999465942385,
        "IoU.sink": 0.6944000244140625,
        "IoU.skyscraper": 0.5729000091552734,
        "IoU.fireplace": 0.6973999786376953,
        "IoU.refrigerator": 0.7193000030517578,
        "IoU.grandstand": 0.47099998474121096,
        "IoU.path": 0.2215999984741211,
        "IoU.stairs": 0.3347999954223633,
        "IoU.runway": 0.6787000274658204,
        "IoU.case": 0.5402999877929687,
        "IoU.pool table": 0.923499984741211,
        "IoU.pillow": 0.534099998474121,
        "IoU.screen door": 0.5361000061035156,
        "IoU.stairway": 0.29809999465942383,
        "IoU.river": 0.10289999961853027,
        "IoU.bridge": 0.4916999816894531,
        "IoU.bookcase": 0.42720001220703124,
        "IoU.blind": 0.44490001678466795,
        "IoU.coffee table": 0.6538999938964843,
        "IoU.toilet": 0.8658999633789063,
        "IoU.flower": 0.34889999389648435,
        "IoU.book": 0.45919998168945314,
        "IoU.hill": 0.05860000133514404,
        "IoU.bench": 0.45880001068115234,
        "IoU.countertop": 0.5804000091552735,
        "IoU.stove": 0.7172000122070312,
        "IoU.palm": 0.49139999389648437,
        "IoU.kitchen island": 0.4191999816894531,
        "IoU.computer": 0.5552000045776367,
        "IoU.swivel chair": 0.4465000152587891,
        "IoU.boat": 0.5306999969482422,
        "IoU.bar": 0.40630001068115235,
        "IoU.arcade machine": 0.6522000122070313,
        "IoU.hovel": 0.37259998321533205,
        "IoU.bus": 0.8826999664306641,
        "IoU.towel": 0.5399000167846679,
        "IoU.light": 0.492400016784668,
        "IoU.truck": 0.3189999961853027,
        "IoU.tower": 0.2765999984741211,
        "IoU.chandelier": 0.6719999694824219,
        "IoU.awning": 0.26729999542236327,
        "IoU.streetlight": 0.23190000534057617,
        "IoU.booth": 0.46549999237060546,
        "IoU.television receiver": 0.7062000274658203,
        "IoU.airplane": 0.575,
        "IoU.dirt track": 0.1472000026702881,
        "IoU.apparel": 0.3370000076293945,
        "IoU.pole": 0.2068000030517578,
        "IoU.land": 0.03769999980926514,
        "IoU.bannister": 0.10279999732971191,
        "IoU.escalator": 0.22899999618530273,
        "IoU.ottoman": 0.3895000076293945,
        "IoU.bottle": 0.22239999771118163,
        "IoU.buffet": 0.35189998626708985,
        "IoU.poster": 0.30309999465942383,
        "IoU.stage": 0.1518000030517578,
        "IoU.van": 0.4413000106811523,
        "IoU.ship": 0.48709999084472655,
        "IoU.fountain": 0.17090000152587892,
        "IoU.conveyer belt": 0.6866999816894531,
        "IoU.canopy": 0.15649999618530275,
        "IoU.washer": 0.655199966430664,
        "IoU.plaything": 0.28450000762939454,
        "IoU.swimming pool": 0.5034999847412109,
        "IoU.stool": 0.354900016784668,
        "IoU.barrel": 0.2731999969482422,
        "IoU.basket": 0.281200008392334,
        "IoU.waterfall": 0.5304999923706055,
        "IoU.tent": 0.9136000061035157,
        "IoU.bag": 0.06670000076293946,
        "IoU.minibike": 0.6365999984741211,
        "IoU.cradle": 0.8159999847412109,
        "IoU.oven": 0.18569999694824219,
        "IoU.ball": 0.4136000061035156,
        "IoU.food": 0.5579999923706055,
        "IoU.step": 0.15550000190734864,
        "IoU.tank": 0.3452999877929688,
        "IoU.trade name": 0.1975,
        "IoU.microwave": 0.3504999923706055,
        "IoU.pot": 0.4115999984741211,
        "IoU.animal": 0.576500015258789,
        "IoU.bicycle": 0.5015999984741211,
        "IoU.lake": 0.4281999969482422,
        "IoU.dishwasher": 0.6963999938964843,
        "IoU.screen": 0.6997000122070313,
        "IoU.blanket": 0.10270000457763671,
        "IoU.sculpture": 0.3984000015258789,
        "IoU.hood": 0.5752999877929688,
        "IoU.sconce": 0.4266999816894531,
        "IoU.vase": 0.4020999908447266,
        "IoU.traffic light": 0.29889999389648436,
        "IoU.tray": 0.0705999994277954,
        "IoU.ashcan": 0.4102000045776367,
        "IoU.fan": 0.5743999862670899,
        "IoU.pier": 0.4127999877929687,
        "IoU.crt screen": 0.007400000095367431,
        "IoU.plate": 0.465,
        "IoU.monitor": 0.5677999877929687,
        "IoU.bulletin board": 0.40099998474121096,
        "IoU.shower": 0.0,
        "IoU.radiator": 0.540099983215332,
        "IoU.glass": 0.118100004196167,
        "IoU.clock": 0.22620000839233398,
        "IoU.flag": 0.3920999908447266,
        "Acc.wall": 0.8883999633789063,
        "Acc.building": 0.9245999908447265,
        "Acc.sky": 0.9744999694824219,
        "Acc.floor": 0.9126000213623047,
        "Acc.tree": 0.8876999664306641,
        "Acc.ceiling": 0.9026999664306641,
        "Acc.road": 0.9006999969482422,
        "Acc.bed ": 0.9622000122070312,
        "Acc.windowpane": 0.788499984741211,
        "Acc.grass": 0.8276000213623047,
        "Acc.cabinet": 0.7162999725341797,
        "Acc.sidewalk": 0.8151000213623046,
        "Acc.person": 0.9276999664306641,
        "Acc.earth": 0.4020999908447266,
        "Acc.door": 0.6181999969482422,
        "Acc.table": 0.7798000335693359,
        "Acc.mountain": 0.7316000366210937,
        "Acc.plant": 0.6224000167846679,
        "Acc.curtain": 0.8429000091552734,
        "Acc.chair": 0.7104000091552735,
        "Acc.car": 0.9083999633789063,
        "Acc.water": 0.5618000030517578,
        "Acc.painting": 0.8547000122070313,
        "Acc.sofa": 0.8425,
        "Acc.shelf": 0.6131000137329101,
        "Acc.house": 0.5118999862670899,
        "Acc.sea": 0.7720999908447266,
        "Acc.mirror": 0.6866999816894531,
        "Acc.rug": 0.6754000091552734,
        "Acc.field": 0.44220001220703126,
        "Acc.armchair": 0.611500015258789,
        "Acc.seat": 0.7683999633789063,
        "Acc.fence": 0.5684000015258789,
        "Acc.desk": 0.6554000091552734,
        "Acc.rock": 0.6562999725341797,
        "Acc.wardrobe": 0.6240999984741211,