{
    "config": "configs/ham/hamnet_light_van_base_512x512_160k_ade20k.py",
    "metric": {
        "aAcc": 0.8328,
        "mIoU": 0.4963,
        "mAcc": 0.6053999999999999,
        "IoU.wall": 0.7794999694824218,
        "IoU.building": 0.8244999694824219,
        "IoU.sky": 0.9448999786376953,
        "IoU.floor": 0.8143000030517578,
        "IoU.tree": 0.7426000213623047,
        "IoU.ceiling": 0.8394000244140625,
        "IoU.road": 0.84,
        "IoU.bed ": 0.8966999816894531,
        "IoU.windowpane": 0.6238999938964844,
        "IoU.grass": 0.6847000122070312,
        "IoU.cabinet": 0.606500015258789,
        "IoU.sidewalk": 0.6648999786376953,
        "IoU.person": 0.8166999816894531,
        "IoU.earth": 0.35759998321533204,
        "IoU.door": 0.5106000137329102,
        "IoU.table": 0.6093000030517578,
        "IoU.mountain": 0.5943999862670899,
        "IoU.plant": 0.5147000122070312,
        "IoU.curtain": 0.7401000213623047,
        "IoU.chair": 0.5740999984741211,
        "IoU.car": 0.8412999725341797,
        "IoU.water": 0.5436000061035157,
        "IoU.painting": 0.7368000030517579,
        "IoU.sofa": 0.6679000091552735,
        "IoU.shelf": 0.44619998931884763,
        "IoU.house": 0.3681000137329102,
        "IoU.sea": 0.5754999923706055,
        "IoU.mirror": 0.6958999633789062,
        "IoU.rug": 0.548499984741211,
        "IoU.field": 0.3160000038146973,
        "IoU.armchair": 0.4363000106811523,
        "IoU.seat": 0.6488999938964843,
        "IoU.fence": 0.45799999237060546,
        "IoU.desk": 0.5022000122070313,
        "IoU.rock": 0.47310001373291016,
        "IoU.wardrobe": 0.47619998931884766,
        "IoU.lamp": 0.6526999664306641,
        "IoU.bathtub": 0.7587999725341796,
        "IoU.railing": 0.32169998168945313,
        "IoU.cushion": 0.5913000106811523,
        "IoU.base": 0.3529999923706055,
        "IoU.box": 0.29399999618530276,
        "IoU.column": 0.48830001831054687,
        "IoU.signboard": 0.3690999984741211,
        "IoU.chest of drawers": 0.46180000305175783,
        "IoU.counter": 0.24940000534057616,
        "IoU.sand": 0.39310001373291015,
        "IoU.sink": 0.7029000091552734,
        "IoU.skyscraper": 0.5954000091552735,
        "IoU.fireplace": 0.7598999786376953,
        "IoU.refrigerator": 0.7251000213623047,
        "IoU.grandstand": 0.5206999969482422,
        "IoU.path": 0.11829999923706054,
        "IoU.stairs": 0.2936000061035156,
        "IoU.runway": 0.6697000122070312,
        "IoU.case": 0.47310001373291016,
        "IoU.pool table": 0.9358999633789062,
        "IoU.pillow": 0.5743999862670899,
        "IoU.screen door": 0.630099983215332,
        "IoU.stairway": 0.29170000076293945,
        "IoU.river": 0.11029999732971191,
        "IoU.bridge": 0.6951000213623046,
        "IoU.bookcase": 0.39990001678466797,
        "IoU.blind": 0.41060001373291016,
        "IoU.coffee table": 0.5993000030517578,
        "IoU.toilet": 0.851500015258789,
        "IoU.flower": 0.380099983215332,
        "IoU.book": 0.49189998626708986,
        "IoU.hill": 0.09770000457763672,
        "IoU.bench": 0.47200000762939454,
        "IoU.countertop": 0.5288000106811523,
        "IoU.stove": 0.7966999816894531,
        "IoU.palm": 0.5272999954223633,
        "IoU.kitchen island": 0.33430000305175783,
        "IoU.computer": 0.6715000152587891,
        "IoU.swivel chair": 0.40450000762939453,
        "IoU.boat": 0.7561000061035156,
        "IoU.bar": 0.18850000381469725,
        "IoU.arcade machine": 0.7481999969482422,
        "IoU.hovel": 0.19520000457763673,
        "IoU.bus": 0.7129000091552734,
        "IoU.towel": 0.6218999862670899,
        "IoU.light": 0.5241999816894531,
        "IoU.truck": 0.42439998626708986,
        "IoU.tower": 0.2690999984741211,
        "IoU.chandelier": 0.6993000030517578,
        "IoU.awning": 0.29389999389648436,
        "IoU.streetlight": 0.27610000610351565,
        "IoU.booth": 0.3965000152587891,
        "IoU.television receiver": 0.7837999725341797,
        "IoU.airplane": 0.5552999877929687,
        "IoU.dirt track": 0.09159999847412109,
        "IoU.apparel": 0.369900016784668,
        "IoU.pole": 0.23200000762939454,
        "IoU.land": 0.03440000057220459,
        "IoU.bannister": 0.12939999580383302,
        "IoU.escalator": 0.30010000228881833,
        "IoU.ottoman": 0.41130001068115235,
        "IoU.bottle": 0.38619998931884764,
        "IoU.buffet": 0.4581999969482422,
        "IoU.poster": 0.33810001373291015,
        "IoU.stage": 0.13350000381469726,
        "IoU.van": 0.4811000061035156,
        "IoU.ship": 0.7502999877929688,
        "IoU.fountain": 0.20020000457763673,
        "IoU.conveyer belt": 0.5329000091552735,
        "IoU.canopy": 0.11850000381469726,
        "IoU.washer": 0.6947000122070313,
        "IoU.plaything": 0.24700000762939453,
        "IoU.swimming pool": 0.4463000106811523,
        "IoU.stool": 0.41639999389648436,
        "IoU.barrel": 0.6451000213623047,
        "IoU.basket": 0.3863999938964844,
        "IoU.waterfall": 0.6202999877929688,
        "IoU.tent": 0.9298000335693359,
        "IoU.bag": 0.16,
        "IoU.minibike": 0.7012999725341796,
        "IoU.cradle": 0.7922000122070313,
        "IoU.oven": 0.357400016784668,
        "IoU.ball": 0.44220001220703126,
        "IoU.food": 0.5758000183105468,
        "IoU.step": 0.15010000228881837,
        "IoU.tank": 0.4509000015258789,
        "IoU.trade name": 0.22049999237060547,
        "IoU.microwave": 0.5802000045776368,
        "IoU.pot": 0.43709999084472656,
        "IoU.animal": 0.6526000213623047,
        "IoU.bicycle": 0.5704000091552734,
        "IoU.lake": 0.6170000076293946,
        "IoU.dishwasher": 0.7116999816894531,
        "IoU.screen": 0.5802999877929688,
        "IoU.blanket": 0.09619999885559082,
        "IoU.sculpture": 0.6175,
        "IoU.hood": 0.6525,
        "IoU.sconce": 0.47900001525878905,
        "IoU.vase": 0.43450000762939456,
        "IoU.traffic light": 0.34189998626708984,
        "IoU.tray": 0.11430000305175782,
        "IoU.ashcan": 0.3972999954223633,
        "IoU.fan": 0.6079000091552734,
        "IoU.pier": 0.34939998626708985,
        "IoU.crt screen": 0.05260000228881836,
        "IoU.plate": 0.5663000106811523,
        "IoU.monitor": 0.12760000228881835,
        "IoU.bulletin board": 0.5009000015258789,
        "IoU.shower": 0.030399999618530273,
        "IoU.radiator": 0.640199966430664,
        "IoU.glass": 0.13840000152587892,
        "IoU.clock": 0.3915000152587891,
        "IoU.flag": 0.39939998626708983,
        "Acc.wall": 0.8894999694824218,
        "Acc.building": 0.9286000061035157,
        "Acc.sky": 0.9748999786376953,
        "Acc.floor": 0.9141000366210937,
        "Acc.tree": 0.8901000213623047,
        "Acc.ceiling": 0.9298000335693359,
        "Acc.road": 0.9069000244140625,
        "Acc.bed ": 0.9651000213623047,
        "Acc.windowpane": 0.7919000244140625,
        "Acc.grass": 0.8230000305175781,
        "Acc.cabinet": 0.7280000305175781,
        "Acc.sidewalk": 0.8191000366210938,
        "Acc.person": 0.9380000305175781,
        "Acc.earth": 0.49970001220703125,
        "Acc.door": 0.6452999877929687,
        "Acc.table": 0.7805999755859375,
        "Acc.mountain": 0.6973999786376953,
        "Acc.plant": 0.6436000061035156,
        "Acc.curtain": 0.8594999694824219,
        "Acc.chair": 0.72,
        "Acc.car": 0.9130999755859375,
        "Acc.water": 0.6987999725341797,
        "Acc.painting": 0.8841000366210937,
        "Acc.sofa": 0.8591000366210938,
        "Acc.shelf": 0.6313000106811524,
        "Acc.house": 0.4841999816894531,
        "Acc.sea": 0.7801000213623047,
        "Acc.mirror": 0.7758000183105469,
        "Acc.rug": 0.6547000122070312,
        "Acc.field": 0.4727999877929687,
        "Acc.armchair": 0.5752000045776368,
        "Acc.seat": 0.8255999755859375,
        "Acc.fence": 0.5911000061035157,
        "Acc.desk": 0.6701000213623047,
        "Acc.rock": 0.7213999938964843,