{
    "config": "configs/ham/hamnet_light_van_small_512x512_160k_ade20k.py",
    "metric": {
        "aAcc": 0.8190000000000001,
        "mIoU": 0.4571,
        "mAcc": 0.5666,
        "IoU.wall": 0.7594000244140625,
        "IoU.building": 0.8130000305175781,
        "IoU.sky": 0.9422000122070312,
        "IoU.floor": 0.7895999908447265,
        "IoU.tree": 0.7311000061035157,
        "IoU.ceiling": 0.8279000091552734,
        "IoU.road": 0.8308000183105468,
        "IoU.bed ": 0.8644000244140625,
        "IoU.windowpane": 0.6102000045776367,
        "IoU.grass": 0.6801000213623047,
        "IoU.cabinet": 0.5802999877929688,
        "IoU.sidewalk": 0.6345000076293945,
        "IoU.person": 0.7961000061035156,
        "IoU.earth": 0.3477000045776367,
        "IoU.door": 0.44009998321533206,
        "IoU.table": 0.5561000061035156,
        "IoU.mountain": 0.6106000137329102,
        "IoU.plant": 0.5138000106811523,
        "IoU.curtain": 0.7319999694824219,
        "IoU.chair": 0.5533000183105469,
        "IoU.car": 0.8293000030517578,
        "IoU.water": 0.47119998931884766,
        "IoU.painting": 0.7248999786376953,
        "IoU.sofa": 0.6052000045776367,
        "IoU.shelf": 0.39560001373291015,
        "IoU.house": 0.3863999938964844,
        "IoU.sea": 0.4909000015258789,
        "IoU.mirror": 0.6444999694824218,
        "IoU.rug": 0.5222999954223633,
        "IoU.field": 0.32720001220703127,
        "IoU.armchair": 0.37439998626708987,
        "IoU.seat": 0.6074000167846679,
        "IoU.fence": 0.3984000015258789,
        "IoU.desk": 0.4525,
        "IoU.rock": 0.4772999954223633,
        "IoU.wardrobe": 0.4443999862670898,
        "IoU.lamp": 0.6136999893188476,
        "IoU.bathtub": 0.6988999938964844,
        "IoU.railing": 0.3259000015258789,
        "IoU.cushion": 0.5436000061035157,
        "IoU.base": 0.18719999313354493,
        "IoU.box": 0.24989999771118165,
        "IoU.column": 0.4186000061035156,
        "IoU.signboard": 0.3477999877929687,
        "IoU.chest of drawers": 0.39,
        "IoU.counter": 0.26799999237060546,
        "IoU.sand": 0.32110000610351563,
        "IoU.sink": 0.6893000030517578,
        "IoU.skyscraper": 0.4918000030517578,
        "IoU.fireplace": 0.6775,
        "IoU.refrigerator": 0.7458000183105469,
        "IoU.grandstand": 0.48029998779296873,
        "IoU.path": 0.24030000686645508,
        "IoU.stairs": 0.3171999931335449,
        "IoU.runway": 0.7187000274658203,
        "IoU.case": 0.4534000015258789,
        "IoU.pool table": 0.9263999938964844,
        "IoU.pillow": 0.557599983215332,
        "IoU.screen door": 0.6468000030517578,
        "IoU.stairway": 0.3227000045776367,
        "IoU.river": 0.12210000038146973,
        "IoU.bridge": 0.41069999694824216,
        "IoU.bookcase": 0.36630001068115237,
        "IoU.blind": 0.4225,
        "IoU.coffee table": 0.5406999969482422,
        "IoU.toilet": 0.8244999694824219,
        "IoU.flower": 0.37810001373291013,
        "IoU.book": 0.47189998626708984,
        "IoU.hill": 0.05510000228881836,
        "IoU.bench": 0.43380001068115237,
        "IoU.countertop": 0.4941999816894531,
        "IoU.stove": 0.7577999877929688,
        "IoU.palm": 0.4754999923706055,
        "IoU.kitchen island": 0.33229999542236327,
        "IoU.computer": 0.5925,
        "IoU.swivel chair": 0.45970001220703127,
        "IoU.boat": 0.5625,
        "IoU.bar": 0.2543000030517578,
        "IoU.arcade machine": 0.2851000022888184,
        "IoU.hovel": 0.16860000610351564,
        "IoU.bus": 0.8351000213623047,
        "IoU.towel": 0.5413999938964844,
        "IoU.light": 0.48880001068115236,
        "IoU.truck": 0.20450000762939452,
        "IoU.tower": 0.35450000762939454,
        "IoU.chandelier": 0.6447000122070312,
        "IoU.awning": 0.23489999771118164,
        "IoU.streetlight": 0.23469999313354492,
        "IoU.booth": 0.3825,
        "IoU.television receiver": 0.689800033569336,
        "IoU.airplane": 0.5243000030517578,
        "IoU.dirt track": 0.07019999980926514,
        "IoU.apparel": 0.33490001678466796,
        "IoU.pole": 0.193799991607666,
        "IoU.land": 0.0225,
        "IoU.bannister": 0.134399995803833,
        "IoU.escalator": 0.21889999389648437,
        "IoU.ottoman": 0.44779998779296876,
        "IoU.bottle": 0.38240001678466795,
        "IoU.buffet": 0.352400016784668,
        "IoU.poster": 0.3022999954223633,
        "IoU.stage": 0.1706999969482422,
        "IoU.van": 0.45130001068115233,
        "IoU.ship": 0.4493000030517578,
        "IoU.fountain": 0.1934000015258789,
        "IoU.conveyer belt": 0.48330001831054686,
        "IoU.canopy": 0.22299999237060547,
        "IoU.washer": 0.672300033569336,
        "IoU.plaything": 0.26780000686645505,
        "IoU.swimming pool": 0.5011999893188477,
        "IoU.stool": 0.40849998474121096,
        "IoU.barrel": 0.5743000030517578,
        "IoU.basket": 0.3390999984741211,
        "IoU.waterfall": 0.46529998779296877,
        "IoU.tent": 0.9119999694824219,
        "IoU.bag": 0.15699999809265136,
        "IoU.minibike": 0.6188999938964844,
        "IoU.cradle": 0.8537999725341797,
        "IoU.oven": 0.32790000915527345,
        "IoU.ball": 0.4879999923706055,
        "IoU.food": 0.4897999954223633,
        "IoU.step": 0.1259000015258789,
        "IoU.tank": 0.3722999954223633,
        "IoU.trade name": 0.2546999931335449,
        "IoU.microwave": 0.40669998168945315,
        "IoU.pot": 0.36389999389648436,
        "IoU.animal": 0.606599998474121,
        "IoU.bicycle": 0.5033000183105468,
        "IoU.lake": 0.43270000457763674,
        "IoU.dishwasher": 0.582599983215332,
        "IoU.screen": 0.6113000106811524,
        "IoU.blanket": 0.11479999542236329,
        "IoU.sculpture": 0.4465999984741211,
        "IoU.hood": 0.555,
        "IoU.sconce": 0.39439998626708983,
        "IoU.vase": 0.3415999984741211,
        "IoU.traffic light": 0.3015999984741211,
        "IoU.tray": 0.11079999923706055,
        "IoU.ashcan": 0.39869998931884765,
        "IoU.fan": 0.5818000030517578,
        "IoU.pier": 0.27540000915527346,
        "IoU.crt screen": 0.04320000171661377,
        "IoU.plate": 0.492400016784668,
        "IoU.monitor": 0.09390000343322753,
        "IoU.bulletin board": 0.4538999938964844,
        "IoU.shower": 0.0,
        "IoU.radiator": 0.5306999969482422,
        "IoU.glass": 0.114399995803833,
        "IoU.clock": 0.29,
        "IoU.flag": 0.3104999923706055,
        "Acc.wall": 0.8852999877929687,
        "Acc.building": 0.9186000061035157,
        "Acc.sky": 0.9744000244140625,
        "Acc.floor": 0.9076000213623047,
        "Acc.tree": 0.8837000274658203,
        "Acc.ceiling": 0.9141999816894532,
        "Acc.road": 0.9022000122070313,
        "Acc.bed ": 0.9540000152587891,
        "Acc.windowpane": 0.778499984741211,
        "Acc.grass": 0.8330999755859375,
        "Acc.cabinet": 0.704800033569336,
        "Acc.sidewalk": 0.7861000061035156,
        "Acc.person": 0.9270999908447266,
        "Acc.earth": 0.47310001373291016,
        "Acc.door": 0.577599983215332,
        "Acc.table": 0.71,
        "Acc.mountain": 0.7555000305175781,
        "Acc.plant": 0.6366999816894531,
        "Acc.curtain": 0.8438999938964844,
        "Acc.chair": 0.6945999908447266,
        "Acc.car": 0.9044000244140625,
        "Acc.water": 0.6188999938964844,
        "Acc.painting": 0.8506999969482422,
        "Acc.sofa": 0.7891000366210937,
        "Acc.shelf": 0.5558000183105469,
        "Acc.house": 0.5502999877929687,
        "Acc.sea": 0.7620999908447266,
        "Acc.mirror": 0.7252999877929688,
        "Acc.rug": 0.5934999847412109,
        "Acc.field": 0.4570999908447266,
        "Acc.armchair": 0.5411000061035156,
        "Acc.seat": 0.8151999664306641,
        "Acc.fence": 0.5388999938964844,
        "Acc.desk": 0.6231000137329101,
        "Acc.rock": 0.7541000366210937,
        "Acc.wardrobe": 0.6375,
        "Acc.lamp": 0.7440000152587891,
        "Acc.bathtub": 0.7665000152587891,