{
    "config": "configs/ham/hamnet_light_van_large_512x512_160k_ade20k.py",
    "metric": {
        "aAcc": 0.8378,
        "mIoU": 0.5102,
        "mAcc": 0.6239,
        "IoU.wall": 0.7825,
        "IoU.building": 0.8244999694824219,
        "IoU.sky": 0.9441999816894531,
        "IoU.floor": 0.8173000335693359,
        "IoU.tree": 0.7583999633789062,
        "IoU.ceiling": 0.8366000366210937,
        "IoU.road": 0.8472000122070312,
        "IoU.bed ": 0.9045999908447265,
        "IoU.windowpane": 0.6377999877929688,
        "IoU.grass": 0.7058999633789063,
        "IoU.cabinet": 0.6216999816894532,
        "IoU.sidewalk": 0.6798999786376954,
        "IoU.person": 0.8330000305175781,
        "IoU.earth": 0.3711000061035156,
        "IoU.door": 0.5493000030517579,
        "IoU.table": 0.6047000122070313,
        "IoU.mountain": 0.5734999847412109,
        "IoU.plant": 0.5329000091552735,
        "IoU.curtain": 0.7544000244140625,
        "IoU.chair": 0.605999984741211,
        "IoU.car": 0.8527999877929687,
        "IoU.water": 0.5893000030517578,
        "IoU.painting": 0.7552999877929687,
        "IoU.sofa": 0.6825,
        "IoU.shelf": 0.4265999984741211,
        "IoU.house": 0.43979999542236325,
        "IoU.sea": 0.6318000030517578,
        "IoU.mirror": 0.7040000152587891,
        "IoU.rug": 0.5541999816894532,
        "IoU.field": 0.32040000915527345,
        "IoU.armchair": 0.4441999816894531,
        "IoU.seat": 0.6204000091552735,
        "IoU.fence": 0.48700000762939455,
        "IoU.desk": 0.5125,
        "IoU.rock": 0.4204999923706055,
        "IoU.wardrobe": 0.5047000122070312,
        "IoU.lamp": 0.6712999725341797,
        "IoU.bathtub": 0.8008000183105469,
        "IoU.railing": 0.35520000457763673,
        "IoU.cushion": 0.599900016784668,
        "IoU.base": 0.3315000152587891,
        "IoU.box": 0.30139999389648436,
        "IoU.column": 0.49450000762939456,
        "IoU.signboard": 0.38779998779296876,
        "IoU.chest of drawers": 0.43139999389648437,
        "IoU.counter": 0.195,
        "IoU.sand": 0.41130001068115235,
        "IoU.sink": 0.7566000366210938,
        "IoU.skyscraper": 0.4766999816894531,
        "IoU.fireplace": 0.7676999664306641,
        "IoU.refrigerator": 0.7552999877929687,
        "IoU.grandstand": 0.415,
        "IoU.path": 0.17950000762939453,
        "IoU.stairs": 0.31309999465942384,
        "IoU.runway": 0.6630000305175782,
        "IoU.case": 0.47759998321533204,
        "IoU.pool table": 0.9330999755859375,
        "IoU.pillow": 0.6129999923706054,
        "IoU.screen door": 0.6938999938964844,
        "IoU.stairway": 0.34580001831054685,
        "IoU.river": 0.12279999732971192,
        "IoU.bridge": 0.6883999633789063,
        "IoU.bookcase": 0.3827000045776367,
        "IoU.blind": 0.4372999954223633,
        "IoU.coffee table": 0.6181000137329101,
        "IoU.toilet": 0.8562999725341797,
        "IoU.flower": 0.41049999237060547,
        "IoU.book": 0.4734000015258789,
        "IoU.hill": 0.057699999809265136,
        "IoU.bench": 0.47700000762939454,
        "IoU.countertop": 0.5731999969482422,
        "IoU.stove": 0.8212999725341796,
        "IoU.palm": 0.5356999969482422,
        "IoU.kitchen island": 0.4184000015258789,
        "IoU.computer": 0.6462999725341797,
        "IoU.swivel chair": 0.4459000015258789,
        "IoU.boat": 0.7077999877929687,
        "IoU.bar": 0.27670000076293944,
        "IoU.arcade machine": 0.7876000213623047,
        "IoU.hovel": 0.39630001068115234,
        "IoU.bus": 0.8926000213623047,
        "IoU.towel": 0.6620999908447266,
        "IoU.light": 0.5581999969482422,
        "IoU.truck": 0.38150001525878907,
        "IoU.tower": 0.3111000061035156,
        "IoU.chandelier": 0.6901000213623046,
        "IoU.awning": 0.2772999954223633,
        "IoU.streetlight": 0.2901000022888184,
        "IoU.booth": 0.39529998779296877,
        "IoU.television receiver": 0.6993000030517578,
        "IoU.airplane": 0.5827000045776367,
        "IoU.dirt track": 0.15689999580383301,
        "IoU.apparel": 0.402599983215332,
        "IoU.pole": 0.23979999542236327,
        "IoU.land": 0.07179999828338623,
        "IoU.bannister": 0.12800000190734864,
        "IoU.escalator": 0.2539999961853027,
        "IoU.ottoman": 0.5772999954223633,
        "IoU.bottle": 0.41689998626708985,
        "IoU.buffet": 0.4059000015258789,
        "IoU.poster": 0.30270000457763674,
        "IoU.stage": 0.14859999656677247,
        "IoU.van": 0.3981999969482422,
        "IoU.ship": 0.6297000122070312,
        "IoU.fountain": 0.21440000534057618,
        "IoU.conveyer belt": 0.5883000183105469,
        "IoU.canopy": 0.26729999542236327,
        "IoU.washer": 0.714800033569336,
        "IoU.plaything": 0.41720001220703123,
        "IoU.swimming pool": 0.4315999984741211,
        "IoU.stool": 0.46549999237060546,
        "IoU.barrel": 0.8172000122070312,
        "IoU.basket": 0.38099998474121094,
        "IoU.waterfall": 0.7251999664306641,
        "IoU.tent": 0.9397000122070313,
        "IoU.bag": 0.17889999389648437,
        "IoU.minibike": 0.7111000061035156,
        "IoU.cradle": 0.7861000061035156,
        "IoU.oven": 0.42709999084472655,
        "IoU.ball": 0.547599983215332,
        "IoU.food": 0.5204000091552734,
        "IoU.step": 0.15970000267028808,
        "IoU.tank": 0.5072000122070313,
        "IoU.trade name": 0.26190000534057617,
        "IoU.microwave": 0.7430000305175781,
        "IoU.pot": 0.5020999908447266,
        "IoU.animal": 0.6295999908447265,
        "IoU.bicycle": 0.5779000091552734,
        "IoU.lake": 0.5,
        "IoU.dishwasher": 0.6895999908447266,
        "IoU.screen": 0.5966999816894532,
        "IoU.blanket": 0.08960000038146973,
        "IoU.sculpture": 0.5313999938964844,
        "IoU.hood": 0.5806000137329101,
        "IoU.sconce": 0.4727999877929687,
        "IoU.vase": 0.474900016784668,
        "IoU.traffic light": 0.3845000076293945,
        "IoU.tray": 0.10800000190734864,
        "IoU.ashcan": 0.42630001068115236,
        "IoU.fan": 0.6504000091552734,
        "IoU.pier": 0.37470001220703125,
        "IoU.crt screen": 0.04,
        "IoU.plate": 0.5709000015258789,
        "IoU.monitor": 0.1256999969482422,
        "IoU.bulletin board": 0.37650001525878907,
        "IoU.shower": 0.014099999666213989,
        "IoU.radiator": 0.6008000183105469,
        "IoU.glass": 0.15880000114440918,
        "IoU.clock": 0.3915999984741211,
        "IoU.flag": 0.3465999984741211,
        "Acc.wall": 0.8920999908447266,
        "Acc.building": 0.9188999938964844,
        "Acc.sky": 0.974800033569336,
        "Acc.floor": 0.9109999847412109,
        "Acc.tree": 0.8861000061035156,
        "Acc.ceiling": 0.9168000030517578,
        "Acc.road": 0.9195999908447265,
        "Acc.bed ": 0.9668000030517578,
        "Acc.windowpane": 0.7973999786376953,
        "Acc.grass": 0.8595999908447266,
        "Acc.cabinet": 0.7230999755859375,
        "Acc.sidewalk": 0.8091999816894532,
        "Acc.person": 0.9390000152587891,
        "Acc.earth": 0.5163999938964844,
        "Acc.door": 0.6793000030517579,
        "Acc.table": 0.76,
        "Acc.mountain": 0.7083000183105469,
        "Acc.plant": 0.6790000152587891,
        "Acc.curtain": 0.8812999725341797,
        "Acc.chair": 0.7329000091552734,
        "Acc.car": 0.9287999725341797,
        "Acc.water": 0.7406999969482422,
        "Acc.painting": 0.8906999969482422,
        "Acc.sofa": 0.8694000244140625,
        "Acc.shelf": 0.6213999938964844,
        "Acc.house": 0.6020000076293945,
        "Acc.sea": 0.8325,
        "Acc.mirror": 0.7933999633789063,
        "Acc.rug": 0.6677999877929688,
        "Acc.field": 0.4575,
        "Acc.armchair": 0.605999984741211,
        "Acc.seat": 0.8037999725341797,
        "Acc.fence": 0.6356000137329102,
        "Acc.desk": 0.7062000274658203,
        "Acc.rock": 0.6458000183105469,
        "Acc.wardrobe": 0.7158999633789063,
        "Acc.lamp": 0.7837999725341797,