{
    "config": "configs/ham/hamnet_light_van_small_d256_512x512_160k_ade20k.py",
    "metric": {
        "aAcc": 0.8186,
        "mIoU": 0.45159999999999995,
        "mAcc": 0.5586,
        "IoU.wall": 0.7572000122070313,
        "IoU.building": 0.8162000274658203,
        "IoU.sky": 0.9423999786376953,
        "IoU.floor": 0.8026000213623047,
        "IoU.tree": 0.7354000091552735,
        "IoU.ceiling": 0.8212000274658203,
        "IoU.road": 0.829800033569336,
        "IoU.bed ": 0.8755000305175781,
        "IoU.windowpane": 0.5940000152587891,
        "IoU.grass": 0.6741999816894532,
        "IoU.cabinet": 0.5722999954223633,
        "IoU.sidewalk": 0.6455999755859375,
        "IoU.person": 0.7908999633789062,
        "IoU.earth": 0.3258000183105469,
        "IoU.door": 0.432400016784668,
        "IoU.table": 0.5481000137329102,
        "IoU.mountain": 0.6134999847412109,
        "IoU.plant": 0.5179000091552735,
        "IoU.curtain": 0.7380000305175781,
        "IoU.chair": 0.5504999923706054,
        "IoU.car": 0.8304000091552735,
        "IoU.water": 0.4779000091552734,
        "IoU.painting": 0.7269999694824218,
        "IoU.sofa": 0.6066999816894532,
        "IoU.shelf": 0.409900016784668,
        "IoU.house": 0.42970001220703125,
        "IoU.sea": 0.5013000106811524,
        "IoU.mirror": 0.6419999694824219,
        "IoU.rug": 0.5427999877929688,
        "IoU.field": 0.31290000915527344,
        "IoU.armchair": 0.3977000045776367,
        "IoU.seat": 0.5841999816894531,
        "IoU.fence": 0.3893999862670898,
        "IoU.desk": 0.44790000915527345,
        "IoU.rock": 0.48439998626708985,
        "IoU.wardrobe": 0.44490001678466795,
        "IoU.lamp": 0.5940000152587891,
        "IoU.bathtub": 0.7169999694824218,
        "IoU.railing": 0.31659999847412107,
        "IoU.cushion": 0.5175999832153321,
        "IoU.base": 0.20729999542236327,
        "IoU.box": 0.23829999923706055,
        "IoU.column": 0.43130001068115237,
        "IoU.signboard": 0.35139999389648435,
        "IoU.chest of drawers": 0.3927000045776367,
        "IoU.counter": 0.26379999160766604,
        "IoU.sand": 0.29709999084472655,
        "IoU.sink": 0.6766000366210938,
        "IoU.skyscraper": 0.5593999862670899,
        "IoU.fireplace": 0.7318000030517579,
        "IoU.refrigerator": 0.7251999664306641,
        "IoU.grandstand": 0.3518000030517578,
        "IoU.path": 0.20030000686645508,
        "IoU.stairs": 0.27799999237060546,
        "IoU.runway": 0.7106999969482422,
        "IoU.case": 0.543499984741211,
        "IoU.pool table": 0.9258000183105469,
        "IoU.pillow": 0.5165999984741211,
        "IoU.screen door": 0.5925,
        "IoU.stairway": 0.33610000610351565,
        "IoU.river": 0.12430000305175781,
        "IoU.bridge": 0.33279998779296877,
        "IoU.bookcase": 0.37150001525878906,
        "IoU.blind": 0.3997999954223633,
        "IoU.coffee table": 0.5313000106811523,
        "IoU.toilet": 0.7868000030517578,
        "IoU.flower": 0.40759998321533203,
        "IoU.book": 0.44209999084472656,
        "IoU.hill": 0.061999998092651366,
        "IoU.bench": 0.4366999816894531,
        "IoU.countertop": 0.49009998321533205,
        "IoU.stove": 0.7148999786376953,
        "IoU.palm": 0.5102999877929687,
        "IoU.kitchen island": 0.36709999084472655,
        "IoU.computer": 0.5938999938964844,
        "IoU.swivel chair": 0.43029998779296874,
        "IoU.boat": 0.6855999755859375,
        "IoU.bar": 0.3370999908447266,
        "IoU.arcade machine": 0.29489999771118164,
        "IoU.hovel": 0.3295999908447266,
        "IoU.bus": 0.8466000366210937,
        "IoU.towel": 0.5636000061035156,
        "IoU.light": 0.4386999893188477,
        "IoU.truck": 0.295,
        "IoU.tower": 0.4518999862670898,
        "IoU.chandelier": 0.6397000122070312,
        "IoU.awning": 0.21479999542236328,
        "IoU.streetlight": 0.21739999771118165,
        "IoU.booth": 0.3915999984741211,
        "IoU.television receiver": 0.6840000152587891,
        "IoU.airplane": 0.5361000061035156,
        "IoU.dirt track": 0.0,
        "IoU.apparel": 0.3184000015258789,
        "IoU.pole": 0.19170000076293944,
        "IoU.land": 0.0036000001430511477,
        "IoU.bannister": 0.12949999809265136,
        "IoU.escalator": 0.2520000076293945,
        "IoU.ottoman": 0.42520000457763674,
        "IoU.bottle": 0.30489999771118165,
        "IoU.buffet": 0.41150001525878904,
        "IoU.poster": 0.3268999862670898,
        "IoU.stage": 0.135,
        "IoU.van": 0.4054000091552734,
        "IoU.ship": 0.6719999694824219,
        "IoU.fountain": 0.19590000152587891,
        "IoU.conveyer belt": 0.5318999862670899,
        "IoU.canopy": 0.1825,
        "IoU.washer": 0.7294000244140625,
        "IoU.plaything": 0.20530000686645508,
        "IoU.swimming pool": 0.5684999847412109,
        "IoU.stool": 0.28989999771118163,
        "IoU.barrel": 0.46650001525878904,
        "IoU.basket": 0.2979000091552734,
        "IoU.waterfall": 0.46849998474121096,
        "IoU.tent": 0.8377999877929687,
        "IoU.bag": 0.081899995803833,
        "IoU.minibike": 0.6168000030517579,
        "IoU.cradle": 0.7711000061035156,
        "IoU.oven": 0.2368000030517578,
        "IoU.ball": 0.47139999389648435,
        "IoU.food": 0.5868999862670898,
        "IoU.step": 0.07489999771118164,
        "IoU.tank": 0.3072999954223633,
        "IoU.trade name": 0.18229999542236328,
        "IoU.microwave": 0.4477000045776367,
        "IoU.pot": 0.3388999938964844,
        "IoU.animal": 0.605,
        "IoU.bicycle": 0.48779998779296874,
        "IoU.lake": 0.38970001220703127,
        "IoU.dishwasher": 0.6166999816894532,
        "IoU.screen": 0.610099983215332,
        "IoU.blanket": 0.08760000228881835,
        "IoU.sculpture": 0.477400016784668,
        "IoU.hood": 0.5302000045776367,
        "IoU.sconce": 0.31610000610351563,
        "IoU.vase": 0.32029998779296875,
        "IoU.traffic light": 0.25629999160766603,
        "IoU.tray": 0.04110000133514404,
        "IoU.ashcan": 0.38610000610351564,
        "IoU.fan": 0.519900016784668,
        "IoU.pier": 0.40360000610351565,
        "IoU.crt screen": 0.08289999961853027,
        "IoU.plate": 0.36259998321533204,
        "IoU.monitor": 0.09270000457763672,
        "IoU.bulletin board": 0.37290000915527344,
        "IoU.shower": 0.0,
        "IoU.radiator": 0.48080001831054686,
        "IoU.glass": 0.0628000020980835,
        "IoU.clock": 0.2634000015258789,
        "IoU.flag": 0.286200008392334,
        "Acc.wall": 0.8851000213623047,
        "Acc.building": 0.9263999938964844,
        "Acc.sky": 0.9737999725341797,
        "Acc.floor": 0.9037000274658203,
        "Acc.tree": 0.8826999664306641,
        "Acc.ceiling": 0.9097000122070312,
        "Acc.road": 0.9062000274658203,
        "Acc.bed ": 0.9525,
        "Acc.windowpane": 0.7613999938964844,
        "Acc.grass": 0.8229000091552734,
        "Acc.cabinet": 0.6873999786376953,
        "Acc.sidewalk": 0.8052999877929687,
        "Acc.person": 0.9216000366210938,
        "Acc.earth": 0.4483000183105469,
        "Acc.door": 0.5715999984741211,
        "Acc.table": 0.7130999755859375,
        "Acc.mountain": 0.7601000213623047,
        "Acc.plant": 0.6565000152587891,
        "Acc.curtain": 0.8488999938964844,
        "Acc.chair": 0.7023000335693359,
        "Acc.car": 0.912300033569336,
        "Acc.water": 0.6279999923706054,
        "Acc.painting": 0.8469999694824218,
        "Acc.sofa": 0.7773999786376953,
        "Acc.shelf": 0.5833000183105469,
        "Acc.house": 0.5752000045776368,
        "Acc.sea": 0.7676000213623047,
        "Acc.mirror": 0.7406999969482422,
        "Acc.rug": 0.6444999694824218,
        "Acc.field": 0.44729999542236326,
        "Acc.armchair": 0.5734000015258789,
        "Acc.seat": 0.7916000366210938,
        "Acc.fence": 0.5193999862670898,
        "Acc.desk": 0.6363000106811524,
        "Acc.rock": 0.7401999664306641,
        "Acc.wardrobe": 0.6272000122070313,